LGANAME,2001,2002,2003,2004,2005,2006,2007,2008,2009,2010,2011,2012,2013,2014,2015,2016,2017,2018,2019,2020,2021,2022,2023,2024,2025,2026,2027,2028,2029,2030,2031,2032,2033,2034,2035,2036,2037,2038,2039,2040,2041
ALBURY CITY,45265,45816,46180,46505,47004,47566,48140,48518,48814,49222,49451,49785,50338,50990,51486,52171,53056,53922,54657,55466,56067,56952,58178,59348,60419,61505,62567,63622,64668,65706,66736,67758,68772,69780,70780,71772,72756,73733,74703,75667,76624
ARMIDALE REGIONAL,27906,27774,27610,27410,27350,27377,27468,27788,28156,28409,28573,28748,28895,29015,29160,29310,29519,29631,29701,29600,29332,29303,29350,29399,29441,29490,29535,29577,29618,29657,29695,29731,29766,29799,29831,29861,29890,29917,29943,29968,29992
BALLINA,37856,38417,38870,39120,39305,39537,39824,40020,40295,40571,40747,41118,41510,41881,42336,42993,43652,44385,44997,45663,46196,45972,46343,46728,47061,47446,47793,48128,48450,48758,49055,49339,49611,49872,50121,50358,50584,50799,51002,51196,51380
BALRANALD,2751,2703,2661,2596,2545,2507,2473,2433,2404,2381,2353,2363,2381,2376,2364,2330,2338,2308,2287,2257,2208,2205,2207,2210,2212,2215,2218,2220,2222,2224,2227,2229,2231,2233,2234,2236,2238,2240,2241,2243,2244
BATHURST REGIONAL,35504,35831,36084,36245,36547,36916,37272,37904,38848,39484,39960,40301,40727,41157,41694,42244,42583,42882,43207,43444,43674,43703,44217,44781,45307,45874,46404,46914,47403,47872,48324,48759,49178,49583,49975,50354,50720,51074,51417,51749,52072
BAYSIDE,129075,129377,130598,131144,132112,133205,135831,139556,142527,144295,144985,148028,151309,154980,159222,164534,168779,171377,173913,176184,176229,177040,180924,183822,185901,188521,191026,193387,195660,198279,201115,204162,207268,210054,213065,215974,218980,222212,225981,229456,233268
BEGA VALLEY,30425,30790,31056,31406,31608,31829,32183,32367,32620,32962,33128,33288,33430,33562,33713,33941,34287,34674,35026,35428,35770,35948,36252,36535,36782,37032,37271,37494,37712,37925,38134,38340,38546,38769,38995,39226,39462,39702,39948,40200,40448
BELLINGEN,12634,12673,12705,12672,12682,12716,12773,12787,12837,12891,12923,12909,12920,12929,12936,12951,12976,13006,13046,13152,13203,13183,13217,13253,13285,13322,13356,13388,13419,13449,13478,13505,13532,13557,13581,13604,13626,13647,13666,13685,13703
BERRIGAN,8075,8058,8035,8014,8076,8160,8204,8237,8282,8291,8297,8365,8436,8519,8568,8609,8638,8645,8649,8653,8615,8671,8750,8825,8894,8965,9033,9102,9169,9237,9303,9369,9435,9500,9565,9629,9693,9756,9819,9882,9944
BLACKTOWN,263103,267048,268806,271434,275206,278894,284925,292002,299450,306601,312346,317735,324797,331825,339449,348030,359591,369384,380186,391911,399925,407966,429836,442445,450524,458954,466813,474037,479253,484909,491239,497841,505230,512508,520367,528303,535993,543289,549974,556790,563350
BLAND,6603,6529,6453,6360,6263,6212,6178,6113,6101,6049,6021,6034,6028,6034,6027,6024,5936,5849,5755,5649,5544,5545,5554,5562,5569,5575,5581,5587,5593,5598,5604,5609,5614,5619,5624,5629,5633,5638,5642,5647,5651
BLAYNEY,6478,6545,6562,6598,6649,6741,6821,6900,7041,7143,7217,7274,7303,7322,7322,7343,7375,7406,7450,7484,7511,7509,7525,7543,7560,7578,7595,7611,7626,7641,7656,7669,7683,7696,7708,7720,7732,7743,7754,7764,7775
BLUE MOUNTAINS,76528,76656,76651,76436,75971,75600,76198,77102,77869,78227,78553,78532,78705,78867,78889,78835,78989,79107,79077,79031,78372,78438,78692,78876,78980,79198,79261,79292,79317,79338,79362,79386,79411,79436,79461,79486,79511,79536,79561,79590,79622
BOGAN,3156,3105,3052,3027,2964,2939,2972,2992,2999,3013,3009,2982,2926,2894,2846,2764,2708,2648,2602,2514,2480,2479,2476,2473,2470,2467,2464,2461,2458,2455,2453,2450,2448,2446,2444,2441,2439,2437,2435,2434,2432
BOURKE,3919,3781,3642,3494,3349,3185,3073,3046,3013,3033,3053,2998,2903,2870,2801,2762,2695,2600,2534,2483,2416,2415,2402,2387,2373,2357,2343,2330,2317,2304,2292,2280,2269,2258,2248,2238,2228,2218,2209,2200,2192
BREWARRINA,2148,2121,2078,2039,2029,2004,1961,1944,1900,1878,1874,1821,1830,1786,1762,1710,1683,1637,1591,1525,1487,1487,1479,1471,1463,1454,1446,1438,1431,1424,1417,1410,1404,1398,1392,1386,1380,1375,1370,1365,1360
BROKEN HILL,20929,20681,20403,20111,19915,19753,19708,19604,19421,19267,19151,18985,18802,18627,18360,18114,17994,17914,17801,17718,17662,17662,17669,17677,17683,17691,17698,17705,17711,17717,17723,17729,17734,17740,17745,17750,17755,17759,17764,17768,17773
BURWOOD,30393,30682,30980,31370,31696,32199,32893,33343,33708,33835,34176,35095,36145,37200,37822,38536,39275,39773,40333,40670,40440,41260,42222,43579,44268,45113,46179,47101,48703,49338,50155,51112,52017,52753,53389,53948,54499,55102,55988,56612,57314
BYRON,29453,29697,29952,30141,30130,30125,30174,30347,30537,30664,30712,31210,31756,32263,32803,33399,33944,34512,35054,35715,36106,35937,36223,36519,36777,37074,37343,37602,37851,38089,38319,38539,38750,38951,39144,39327,39502,39668,39825,39975,40118
CABONNE,12447,12478,12482,12506,12543,12634,12706,12799,12929,13071,13211,13322,13473,13506,13511,13577,13683,13729,13773,13814,13767,13770,13830,13895,13957,14023,14084,14144,14201,14256,14308,14359,14408,14455,14501,14545,14588,14629,14669,14707,14745
CAMDEN,45167,47176,48445,48929,49994,50632,52182,53739,55379,56848,58440,61128,64095,68645,74103,80268,88297,96023,104706,112451,120083,125213,137465,146018,150168,154044,158007,161425,163859,166459,169406,172997,176827,181846,187574,194106,201631,209700,218295,227810,237202
CAMPBELLTOWN,149188,149096,148739,147583,147216,146534,147155,148404,149984,150316,151172,152451,154346,156289,158586,161562,165143,168825,172286,175725,177778,179847,183965,187701,189548,191722,194337,196515,198755,201441,203987,206412,208672,210712,212901,214790,216633,218211,219839,221613,223342
CANADA BAY,61940,63077,64060,65350,66951,68309,70196,72320,75332,77709,80065,82636,85568,88565,90467,92534,92872,92765,92609,91833,89685,89916,90840,91209,92381,93394,93867,94826,95936,98400,100331,101733,103057,104123,105005,105748,106475,107301,108181,108653,109313
CANTERBURY-BANKSTOWN,307592,307011,306316,305670,307118,310578,316155,322404,327793,332118,335940,340387,345692,350922,356328,361862,367534,371891,375333,376638,372459,373647,377520,380921,383680,387484,389884,394263,398616,403861,409300,413781,417980,421932,425504,429011,432272,435607,438586,441349,444006
CARRATHOOL,3290,3246,3143,3054,2947,2863,2827,2784,2778,2732,2681,2668,2797,2800,2766,2793,2825,2864,2863,2892,2873,2877,2890,2902,2912,2922,2932,2941,2951,2959,2968,2976,2985,2993,3000,3008,3016,3023,3030,3037,3044
CENTRAL COAST,294596,297530,299319,299999,301403,303051,306499,312338,316796,320361,322657,325163,327745,330377,333264,336611,340140,343074,345695,347734,348493,349793,353051,356339,359445,362744,365934,369095,372222,375319,378395,381453,384494,387523,390540,393545,396538,399519,402488,405445,408390
CENTRAL DARLING,2432,2326,2218,2163,2096,2000,2003,2003,2029,2045,2059,2015,1979,1934,1923,1881,1845,1809,1799,1774,1758,1758,1754,1749,1745,1740,1735,1731,1727,1723,1719,1715,1712,1709,1705,1702,1699,1696,1693,1690,1688
CESSNOCK,46823,47024,47181,47266,47305,47426,48302,49303,50218,51304,52485,53318,54303,55103,55888,56720,57921,59649,60823,62431,64120,64684,66105,67535,68881,70305,71683,73048,74399,75736,77064,78385,79699,81007,82310,83607,84900,86187,87470,88747,90019
CITY OF PARRAMATTA,48247,48415,48509,48631,48853,49149,49524,49818,50433,50993,51287,51350,51443,51498,51547,51622,51953,52301,52604,52893,54212,54116,54278,54445,54591,54760,54912,55059,55200,55335,55466,55590,55710,55824,55933,56037,56136,56230,56319,56404,56485
CLARENCE VALLEY,4990,4984,4949,4913,4913,4941,4954,4887,4853,4844,4782,4759,4740,4727,4703,4687,4605,4528,4401,4213,4098,4101,4101,4101,4101,4101,4101,4101,4101,4101,4101,4101,4101,4101,4101,4101,4101,4101,4101,4101,4101
COBAR,62582,63553,64574,65448,65957,66657,67567,68574,69358,70373,70972,71564,72303,73016,73739,74670,75753,76887,77810,78409,78781,78520,78961,79421,79822,80288,80709,81115,81504,81877,82237,82582,82911,83227,83528,83816,84089,84349,84595,84830,85053
COFFS HARBOUR,4090,4078,4072,4066,4072,4097,4116,4145,4187,4216,4236,4278,4328,4357,4366,4390,4423,4415,4413,4404,4403,4407,4453,4495,4528,4564,4597,4629,4660,4690,4720,4748,4776,4803,4829,4855,4881,4906,4930,4954,4977
COOLAMON,4797,4690,4578,4476,4394,4305,4253,4233,4223,4224,4226,4194,4168,4134,4091,4051,4023,3976,3923,3871,3833,3834,3840,3846,3851,3857,3863,3868,3873,3878,3883,3887,3892,3896,3900,3904,3908,3911,3915,3918,3922
COONAMBLE,11397,11357,11292,11248,11256,11254,11201,11168,11230,11274,11308,11312,11313,11305,11302,11291,11306,11324,11362,11393,11390,11391,11418,11442,11462,11483,11503,11522,11541,11558,11576,11593,11609,11625,11641,11656,11672,11686,11701,11715,11729
COOTAMUNDRA-GUNDAGAI REGIONAL,12989,12922,12849,12804,12774,12754,12688,12591,12548,12533,12523,12529,12511,12556,12604,12659,12697,12726,12732,12748,12759,12766,12796,12828,12858,12890,12920,12949,12977,13004,13030,13054,13078,13101,13124,13145,13166,13186,13206,13225,13243
COWRA,171200,171580,172359,174036,177098,180403,185224,191102,195643,199981,203181,207528,212450,216864,221152,225691,231490,235878,240090,240841,237083,239940,246475,251791,256326,260911,264388,266728,267941,270916,273847,276610,279174,281417,283479,285375,287233,289095,291242,293055,295028
CUMBERLAND,47176,47162,47060,47025,47038,47148,47315,47849,48466,48949,49079,49397,49757,50322,50847,51404,52490,53575,54358,55010,55528,55550,56108,56720,57288,57901,58473,59024,59552,60059,60547,61017,61469,61907,62330,62739,63134,63517,63887,64246,64595
DUBBO REGIONAL,8338,8321,8312,8233,8263,8245,8245,8286,8415,8457,8556,8657,8791,8918,9008,9101,9154,9259,9329,9450,9532,9576,9686,9796,9900,10010,10116,10221,10325,10428,10531,10633,10734,10835,10935,11035,11135,11234,11333,11432,11530
DUNGOG,10074,9958,9798,9603,9440,9287,9228,9110,9072,8973,8888,8913,8929,8962,9012,8991,8847,8728,8657,8547,8437,8451,8470,8489,8506,8523,8540,8557,8573,8590,8606,8623,8639,8655,8671,8686,8702,8718,8733,8748,8764
EDWARD RIVER,33639,34239,34855,35326,35662,35855,36103,36301,36462,36807,37082,37141,37270,37483,37733,37919,38372,38816,39290,39917,40464,40675,41035,41368,41660,41956,42238,42501,42759,43011,43258,43502,43745,44008,44277,44549,44828,45112,45403,45701,45994
EUROBODALLA,187825,187089,186489,185562,185740,186117,187872,190654,193557,195174,196479,198106,200098,201788,203490,205675,209107,211392,212825,212148,209066,210168,211829,212615,213483,214252,215412,216457,217367,218316,219023,219566,220080,220557,221052,221521,221971,222396,222800,223217,223637
FAIRFIELD,12121,12141,12184,12237,12330,12497,12479,12468,12515,12520,12509,12510,12508,12499,12470,12445,12509,12559,12627,12726,12822,12902,13012,13117,13214,13312,13407,13502,13597,13690,13783,13876,13967,14058,14148,14238,14327,14415,14502,14589,14676
FEDERATION,10062,9995,9907,9744,9610,9540,9573,9526,9562,9495,9469,9529,9608,9698,9750,9817,9725,9664,9590,9502,9385,9387,9486,9595,9697,9807,9909,10008,10102,10193,10280,10364,10445,10524,10599,10673,10743,10812,10878,10942,11005
FORBES,125777,126520,127183,128176,129490,130586,132751,135287,137979,140040,141726,144159,146604,148882,151069,153161,155276,156225,156510,155919,152800,153947,156133,159749,161747,162953,164514,165708,167152,167909,169082,169737,170354,171071,171949,172883,173830,174665,175332,176346,176962
GEORGES RIVER,4761,4730,4706,4660,4652,4618,4532,4471,4498,4529,4515,4464,4428,4382,4342,4298,4304,4300,4323,4327,4318,4322,4323,4325,4327,4329,4331,4333,4335,4336,4338,4339,4341,4342,4344,4345,4346,4348,4349,4350,4351
GILGANDRA,8818,8848,8870,8876,8907,8987,8919,8907,8926,8939,8911,8905,8909,8919,8926,8934,8937,8941,8947,8946,8925,8924,8925,8926,8927,8928,8929,8930,8931,8932,8932,8933,8934,8934,8935,8936,8936,8937,8937,8938,8938
GLEN INNES SEVERN,26401,26526,26576,26559,26615,26695,26803,27166,27654,28083,28363,28730,29187,29486,29815,30261,30642,31072,31490,31934,32150,32191,32625,33026,33355,33711,34039,34357,34664,34961,35249,35531,35805,36074,36339,36598,36852,37101,37345,37585,37819
GOULBURN MULWAREE,10455,10331,10189,10126,10036,9999,9985,9988,10009,10060,10072,10161,10220,10318,10441,10519,10601,10701,10801,10931,11109,11265,11483,11692,11884,12080,12272,12462,12651,12838,13024,13209,13392,13574,13754,13934,14111,14288,14463,14637,14810
GREATER HUME SHIRE,24412,24377,24277,24235,24329,24450,24583,24817,25100,25264,25395,25614,25705,25942,26171,26356,26653,26896,27102,27249,27195,27221,27519,27794,28019,28262,28486,28704,28914,29117,29314,29506,29693,29877,30057,30233,30405,30574,30739,30901,31059
GRIFFITH,12306,12193,12036,11892,11792,11782,11879,11987,12151,12344,12519,12514,12481,12468,12447,12491,12662,12799,12921,13024,13088,13090,13131,13177,13219,13265,13308,13349,13388,13426,13462,13497,13531,13564,13595,13626,13655,13684,13711,13738,13764
GUNNEDAH,5716,5652,5573,5492,5442,5428,5307,5210,5167,5131,5102,5172,5218,5250,5302,5326,5244,5191,5124,5019,4912,4905,4912,4920,4926,4934,4941,4947,4953,4960,4965,4971,4976,4981,4986,4991,4995,5000,5004,5007,5011
GWYDIR,62412,62515,62530,62032,61698,61725,62262,63066,63618,63982,64353,64670,65145,65503,65890,66346,66708,66989,67244,67578,67605,67897,68614,69520,70096,70642,71061,71322,71498,71866,72307,72753,73185,73695,74206,74667,75201,75799,76325,76822,77170
HAWKESBURY,3620,3616,3582,3538,3512,3483,3394,3292,3209,3153,3085,3029,3016,3005,2994,2984,2978,2958,2933,2910,2885,2883,2872,2861,2852,2843,2835,2826,2818,2810,2803,2796,2788,2781,2775,2768,2761,2755,2748,2742,2736
HAY,18014,18022,18031,18060,18146,18213,18266,18337,18467,18639,18793,18807,18783,18776,18760,18756,18906,19019,19131,19205,19223,19231,19297,19358,19409,19464,19515,19568,19620,19670,19718,19766,19812,19859,19904,19949,19993,20037,20081,20123,20165
HILLTOPS,132644,134068,134991,135567,135974,136162,137694,139436,141117,142549,143273,143754,144458,145262,146147,147385,149601,151809,153216,154037,152263,152344,153159,153900,154397,155051,156282,157263,158707,159760,161019,161962,162933,163895,164872,165832,166803,167541,168188,168935,169753
HORNSBY,13296,13412,13512,13631,13636,13662,13716,13742,13835,13854,13897,14070,14242,14428,14540,14656,14621,14563,14427,14269,13596,13590,13635,13654,13679,13709,13753,13761,13785,13798,13811,13823,13837,13850,13863,13876,13890,13903,13917,13923,13929
HUNTERS HILL,166693,166368,166127,165989,166486,167602,170481,173375,176106,178395,180301,182041,184297,186495,188711,191194,192275,192661,191965,190035,183839,184694,188069,192577,193895,195223,196127,197472,198982,200899,203095,205518,207865,210101,212453,214654,216914,219266,221824,223982,226484
INNER WEST,16784,16867,16852,16822,16874,16947,17104,17253,17445,17591,17689,17702,17715,17746,17764,17815,17840,17895,17974,17985,17920,17895,17937,17980,18018,18061,18100,18138,18175,18210,18243,18275,18306,18336,18364,18391,18416,18441,18464,18485,18506
INVERELL,5859,5869,5861,5854,5882,5943,5942,5978,6054,6105,6132,6135,6213,6283,6336,6414,6441,6446,6452,6463,6454,6459,6526,6589,6640,6695,6746,6795,6843,6889,6934,6977,7020,7061,7102,7142,7181,7220,7257,7294,7330
JUNEE,27164,27327,27466,27608,27936,28032,28193,28431,28775,28960,29128,29223,29284,29351,29379,29431,29770,30080,30347,30602,30828,30835,30922,31017,31106,31201,31291,31376,31459,31538,31614,31687,31758,31826,31892,31956,32018,32077,32135,32191,32246
KEMPSEY,19793,19841,19836,19784,19690,19626,19809,19933,20219,20522,20806,21004,21262,21612,21890,22110,22299,22479,22711,22873,22970,23049,23183,23306,23415,23528,23638,23747,23856,23965,24074,24182,24290,24398,24506,24614,24722,24829,24937,25044,25150
KIAMA,106965,106778,106559,105839,104883,104459,105551,107976,110464,112643,114604,116339,118195,119851,121315,122472,124122,125528,126364,126438,124703,124868,125498,126324,126758,127459,128020,129497,131460,133843,136023,138669,141254,143160,144664,145860,147136,149023,152836,154915,158326
KU-RING-GAI,9739,9686,9590,9525,9507,9491,9491,9490,9514,9544,9537,9416,9345,9288,9197,9114,9171,9208,9248,9304,9346,9332,9355,9379,9400,9424,9446,9466,9486,9506,9524,9542,9559,9575,9590,9605,9619,9632,9645,9657,9669
KYOGLE,7651,7529,7366,7214,7071,6932,6821,6793,6779,6765,6802,6749,6681,6624,6541,6444,6403,6341,6273,6223,6153,6153,6142,6131,6120,6108,6098,6087,6077,6068,6059,6050,6041,6033,6025,6017,6010,6003,5996,5989,5983
LACHLAN,186353,187385,188171,188415,188547,188503,189672,191478,193585,195263,196811,197693,198953,200249,201240,202332,204512,206975,209433,211954,214054,215046,217527,220021,222368,224853,227256,229637,231993,234326,236642,238946,241237,243518,245791,248055,250309,252555,254791,257018,259237
LAKE MACQUARIE,31880,31749,31695,31599,31538,31527,31678,31918,32308,32803,33233,33728,34261,35196,36402,37694,38615,39239,39790,40067,39608,41022,42836,44521,44981,45415,45890,46714,48286,48578,48985,49393,49822,50251,50685,51112,51542,51966,52283,52584,52598
LANE COVE,11832,11807,11755,11681,11590,11562,11502,11457,11461,11432,11406,11430,11413,11408,11411,11407,11438,11459,11489,11500,11480,11489,11529,11565,11595,11627,11657,11685,11713,11740,11766,11791,11816,11840,11864,11887,11910,11932,11954,11975,11996
LEETON,42721,42749,42681,42764,43011,43338,43636,43750,43940,44190,44348,44388,44408,44327,44212,44122,44137,44196,44234,44316,44361,44272,44422,44578,44713,44869,45010,45146,45276,45401,45521,45636,45747,45852,45953,46049,46141,46228,46310,46389,46463
LISMORE,20451,20442,20418,20357,20272,20186,20277,20352,20621,20732,20850,21000,21118,21283,21400,21484,21419,21344,21216,21063,20855,20856,20902,20952,20999,21050,21097,21143,21186,21228,21269,21308,21345,21381,21416,21450,21483,21514,21545,21574,21603
LITHGOW CITY,158027,161908,163835,165627,167472,169868,172875,177372,181712,184910,188088,191799,196122,200725,206205,211983,217465,222410,227187,231268,234505,240035,254038,262334,269621,277387,284626,291477,297120,302796,307274,312659,318644,324827,330997,337188,342706,347813,352479,357112,361687
LIVERPOOL,7977,7940,7859,7797,7736,7717,7720,7717,7718,7738,7761,7786,7812,7831,7837,7847,7829,7806,7780,7702,7608,7608,7617,7626,7635,7644,7653,7661,7669,7677,7684,7691,7698,7705,7711,7718,7724,7729,7735,7741,7746
LIVERPOOL PLAINS,3550,3470,3404,3330,3267,3237,3203,3171,3159,3133,3098,3085,3096,3117,3121,3173,3208,3218,3266,3308,3328,3331,3366,3398,3423,3450,3475,3499,3523,3545,3567,3589,3610,3630,3650,3670,3689,3708,3726,3744,3762
LOCKHART,56055,57642,59167,60440,61961,63505,65143,66244,67268,68561,69924,72012,73870,75695,77374,79063,81058,83260,85313,87920,90612,91595,94036,96485,98785,101216,103566,105895,108199,110481,112748,115001,117242,119474,121697,123911,126116,128313,130500,132679,134849
MAITLAND,81291,82081,83014,83730,84281,84579,85325,86091,86942,87948,88818,89308,89940,90468,91038,91801,92901,93900,94826,95731,96475,96524,97066,97651,98196,98780,99328,99857,100366,100858,101332,101792,102236,102668,103087,103494,103889,104273,104647,105011,105366
MID-COAST,22003,22002,21862,21706,21647,21641,21887,22186,22469,22774,23020,23343,23742,24059,24374,24546,24889,25181,25416,25589,25714,25721,25942,26185,26410,26653,26880,27098,27307,27508,27701,27888,28067,28241,28408,28570,28727,28878,29025,29167,29306
MID-WESTERN REGIONAL,16108,15834,15457,15028,14693,14407,14155,14070,14019,14032,14043,13980,13925,13853,13735,13627,13497,13355,13215,13047,12964,12887,13022,13162,13283,13423,13550,13672,13789,13901,14009,14113,14212,14307,14397,14484,14566,14644,14718,14788,14855
MOREE PLAINS,27680,27644,27680,27737,27538,27570,27900,28422,28761,29131,29351,29481,29641,29846,30045,30260,30299,30269,30020,29543,28466,28476,28535,28632,28680,28755,28873,28914,28947,28975,29010,29044,29081,29116,29153,29178,29195,29211,29228,29247,29268
MOSMAN,10997,10994,10966,10929,10932,11020,11082,11161,11226,11259,11257,11382,11515,11642,11755,11872,12027,12227,12355,12572,12785,12950,13177,13394,13593,13796,13995,14192,14388,14582,14774,14965,15155,15343,15530,15715,15899,16082,16263,16443,16621
MURRAY RIVER,4548,4485,4402,4328,4273,4219,4109,4039,3992,3948,3888,3882,3920,3900,3893,3929,3854,3809,3753,3625,3564,3573,3594,3615,3633,3651,3669,3686,3703,3720,3736,3752,3768,3783,3799,3814,3829,3844,3859,3873,3887
MURRUMBIDGEE,15099,15339,15402,15402,15467,15639,15713,15749,15878,16108,16328,16398,16415,16431,16435,16462,16519,16520,16554,16539,16469,16496,16564,16632,16696,16763,16828,16893,16957,17020,17083,17145,17207,17269,17331,17392,17454,17514,17575,17636,17696
MUSWELLBROOK,18026,18005,17849,18136,18247,18299,18456,18695,18892,19140,19235,19310,19428,19501,19541,19580,19787,19960,20150,20290,20382,20323,20422,20526,20615,20720,20814,20905,20992,21075,21156,21233,21307,21377,21445,21509,21570,21628,21683,21736,21786
NAMBUCCA VALLEY,14422,14244,14050,13784,13592,13477,13359,13303,13349,13394,13438,13433,13489,13480,13459,13367,13300,13233,13146,12990,12808,12808,12820,12833,12845,12858,12869,12881,12892,12902,12913,12922,12932,12941,12950,12958,12967,12975,12982,12990,12997
NARRABRI,6686,6580,6433,6307,6221,6149,6103,6069,6093,6105,6115,6086,6054,6015,5978,5949,5909,5879,5832,5787,5733,5726,5714,5703,5694,5685,5676,5667,5659,5650,5643,5635,5627,5620,5613,5606,5599,5592,5586,5579,5573
NARRANDERA,7060,6980,6863,6777,6734,6691,6676,6726,6748,6815,6832,6795,6761,6721,6668,6617,6596,6584,6565,6521,6448,6453,6463,6475,6485,6496,6507,6517,6527,6536,6546,6554,6563,6571,6579,6586,6594,6601,6607,6614,6621
NARROMINE,141001,142220,143613,144834,145914,146623,148524,150553,151895,153483,155550,156451,157477,158683,159680,160707,162796,164730,166510,168242,169433,170289,172429,174584,176614,178765,180846,182907,184947,186967,188973,190967,192950,194926,196894,198854,200806,202750,204686,206615,208536
NEWCASTLE,58337,58816,59583,60271,60850,61512,62476,63484,64762,65850,66747,67630,68666,69754,70860,71809,72304,72354,72155,71430,69471,69628,70055,70739,71595,72074,72817,73982,75262,76191,77025,77856,78711,79557,80404,81236,82073,82898,83269,83689,84146
NORTH SYDNEY,229816,230170,230208,230438,231741,233600,237084,239842,244500,248250,251696,254115,257020,259723,262593,265468,267483,268390,268935,268164,264567,264830,266471,267295,267907,268826,269661,270323,271048,271489,272001,272575,272923,273268,273617,273961,274308,274651,275003,275406,275846
NORTHERN BEACHES,5257,5269,5243,5209,5193,5179,5166,5161,5192,5207,5209,5235,5300,5318,5329,5349,5409,5455,5489,5540,5567,5561,5576,5593,5608,5625,5641,5656,5670,5684,5697,5710,5722,5734,5746,5757,5768,5778,5788,5798,5808
OBERON,36701,36728,36721,36501,36410,36374,36801,37401,37904,38660,39419,39769,40167,40619,40837,41210,41800,42522,43115,43383,43750,43762,44065,44395,44703,45035,45344,45642,45928,46202,46466,46721,46966,47203,47432,47653,47867,48074,48274,48468,48657
ORANGE,14927,14901,14807,14690,14627,14600,14643,14755,14835,14984,15083,15048,15022,14991,14954,14924,14893,14836,14774,14646,14451,14453,14497,14546,14626,14711,14791,14869,14942,15013,15082,15148,15211,15272,15331,15389,15444,15498,15549,15600,15648
PARKES,170101,171245,172927,175370,178021,180919,185175,189684,195136,199575,203205,208182,214537,221107,227649,234444,243158,250835,257472,260413,258527,262981,268423,273106,278461,284153,290500,296361,303552,309512,315591,320547,325592,330560,335624,341024,346612,352062,357634,363948,369516
PENRITH,176277,176829,176610,175589,175799,176067,177280,179851,181901,182948,184589,187281,190527,193765,197678,201597,205517,209578,213534,216922,219239,220460,224058,226280,228943,231023,232615,234141,235771,237265,238991,241381,243606,246479,249815,253335,257020,260653,264273,267934,271518
PORT MACQUARIE-HASTINGS,64960,66573,67960,68987,69659,69947,71097,72528,73317,74460,75232,76271,77043,78048,78997,80073,81386,82780,84167,85499,86638,86664,87276,87947,88572,89247,89876,90483,91064,91622,92160,92677,93175,93657,94123,94573,95008,95429,95837,96232,96616
PORT STEPHENS,58509,59506,60410,61256,61918,62132,63425,64316,65521,66447,67214,68012,68750,69537,70257,71115,71829,72609,73509,74450,75328,75622,76359,77099,77796,78532,79244,79950,80648,81339,82025,82708,83387,84063,84736,85407,86075,86741,87403,88063,88721
QUEANBEYAN-PALERANG REGIONAL,44289,45669,47142,47783,48886,50070,51002,52141,53190,54250,54844,55408,55920,56537,57130,57790,59000,60212,61423,62506,63404,64143,65393,66550,67562,68591,69571,70485,71379,72253,73112,73957,74767,75479,76146,76769,77344,77874,78353,78784,79208
RANDWICK,124456,124390,124252,124088,124596,125346,128229,131136,133975,136006,137792,139836,142459,144814,146908,148922,149099,147552,145287,142499,135219,135354,145289,147203,147920,148558,148941,149397,149746,149993,150336,150679,151028,151414,151883,152385,152894,153340,153702,154265,154745
RICHMOND VALLEY,21014,21213,21213,21167,21256,21728,22067,22291,22417,22597,22717,22848,22981,23087,23148,23256,23336,23446,23525,23593,23595,23553,23626,23702,23767,23844,23913,23979,24043,24104,24163,24219,24273,24325,24375,24422,24466,24509,24549,24588,24624
RYDE,98516,98711,98929,99089,99527,100344,102453,104602,105983,107319,108712,111156,113547,115843,118499,121270,124095,126364,129738,130999,129813,130530,133670,135110,137278,140729,142911,145769,149068,152018,155204,157517,159956,162248,164253,166240,167939,169909,171669,173680,175859
SHELLHARBOUR,59383,60054,60815,61382,61863,62243,62916,63956,64778,65597,66218,66840,67701,68658,69474,70391,71303,72318,73370,74941,76492,77650,79677,81543,83200,84912,86573,88231,89882,91528,93170,94810,96447,98083,99718,101350,102980,104607,106231,107852,109469
SHOALHAVEN,86856,88055,88861,89374,90173,90505,91497,92351,93754,95154,96203,97166,98097,99292,100550,101942,103122,104489,105781,107246,108550,110060,112712,115166,117353,119621,121824,124021,126210,128391,130567,132741,134911,137080,139246,141410,143570,145726,147879,150027,152171
SINGLETON,21066,21356,21671,21886,22254,22535,22663,22860,23063,23335,23523,23548,23557,23597,23586,23576,23806,24036,24309,24503,24725,24808,25007,25206,25393,25590,25781,25970,26157,26343,26527,26710,26891,27073,27253,27433,27612,27790,27968,28145,28321
SNOWY MONARO REGIONAL,19440,19571,19710,19762,19866,20008,20073,20147,20241,20335,20386,20403,20433,20454,20473,20558,20792,20972,21192,21437,21667,21856,22181,22482,22746,23014,23269,23508,23741,23969,24193,24413,24633,24871,25114,25361,25613,25870,26133,26402,26668
SNOWY VALLEYS,15084,15018,15052,14793,14700,14684,14641,14575,14647,14728,14756,14741,14720,14690,14640,14611,14693,14751,14817,14889,14900,14901,14914,14926,14936,14947,14956,14966,14975,14984,14992,15000,15009,15016,15024,15032,15039,15047,15054,15061,15068
STRATHFIELD,29253,29578,30256,31242,32143,33030,34219,35343,36592,37002,37239,37968,38918,40301,41276,42415,43679,44663,45895,46417,45963,46087,47630,50502,51268,52032,52789,53862,54710,55411,56347,57304,58136,58726,59293,59756,60189,60582,60685,60791,60897
SUTHERLAND SHIRE,212458,212978,212719,211907,211460,211230,213161,216400,219065,220060,220250,221220,222549,223921,225218,226461,227428,228239,229213,230379,230994,232067,234707,237814,239689,241051,242161,243348,244162,244899,245737,246613,247431,248200,248887,249477,250049,250578,251081,251598,252105
SYDNEY,128901,136368,145079,152892,158834,164597,169056,172985,177150,180748,183281,189543,196318,204516,214037,222717,227997,229284,229596,227250,214703,216213,229135,236127,239927,244560,247914,251476,254809,257916,259565,261726,263844,266137,267741,269427,270876,272170,273013,273770,274398
TAMWORTH REGIONAL,53557,53831,54016,54111,54363,54887,55607,56148,56814,57650,58228,58699,59240,59872,60432,60990,61758,62511,63183,63405,63670,63683,64077,64507,64909,65341,65745,66134,66507,66865,67210,67542,67862,68171,68470,68759,69038,69308,69569,69823,70069
TEMORA,6288,6221,6123,6039,6016,6008,5977,5959,5936,5951,5953,6002,6055,6098,6165,6210,6162,6138,6116,6077,6013,6020,6081,6138,6184,6235,6281,6326,6370,6412,6453,6493,6532,6570,6607,6644,6679,6714,6749,6782,6815
TENTERFIELD,6842,6808,6709,6650,6630,6666,6731,6796,6882,6941,6990,6925,6834,6769,6713,6697,6728,6767,6794,6779,6800,6789,6808,6827,6844,6863,6881,6898,6914,6930,6945,6959,6973,6986,6998,7010,7022,7033,7043,7053,7062
THE HILLS SHIRE,117301,122269,126698,130134,133214,136015,138034,141230,144388,146247,147779,149939,152429,155366,158941,162975,168400,173067,180102,186622,192660,198509,210055,223573,232495,241274,249058,256193,263736,271017,277806,284459,290165,296063,301365,306389,311310,316050,320113,324503,328635
TWEED,73980,75711,77868,79555,80382,81531,83060,84842,86539,87722,88437,89266,90226,91139,92261,93742,94597,95355,96068,96857,97216,96799,97502,98231,98867,99603,100267,100908,101522,102112,102679,103224,103744,104242,104718,105172,105604,106014,106403,106773,107125
UNINCORPORATED - BOTANY BAY AREA,1210,1189,1162,1135,1114,1095,1100,1107,1107,1114,1119,1124,1127,1134,1106,1112,1109,1115,1086,1055,1020,1015,1015,1014,1013,1013,1012,1011,1011,1010,1009,1009,1008,1008,1007,1007,1006,1006,1005,1005,1004
UNINCORPORATED - FAR WEST AREA,13430,13415,13335,13235,13281,13333,13374,13599,13801,13983,14206,14388,14514,14508,14412,14344,14318,14298,14291,14296,14258,14281,14338,14394,14448,14504,14559,14613,14667,14720,14773,14825,14877,14929,14981,15032,15084,15135,15186,15236,15287
UNINCORPORATED - LORD HOWE ISLAND,7210,7203,7195,7192,7185,7209,7229,7276,7333,7379,7422,7571,7594,7722,7804,7853,8003,8097,8220,8378,8494,8508,8592,8669,8734,8804,8868,8941,9012,9081,9149,9214,9279,9344,9409,9474,9538,9602,9665,9729,9791
UNINCORPORATED - SYDNEY HARBOUR AREA,6052,6002,5912,5885,5888,5894,5930,5996,6129,6198,6241,6244,6253,6238,6194,6147,6154,6144,6119,6056,5992,5980,6003,6026,6047,6070,6091,6112,6131,6150,6168,6185,6202,6217,6233,6247,6261,6274,6286,6298,6309
UPPER HUNTER,56280,56718,56897,57211,57761,58518,59493,60329,61061,61503,61781,62104,62416,62776,63327,63906,64768,65618,66411,67277,67891,67949,68550,69102,69550,70032,70475,70905,71321,71722,72112,72493,72864,73227,73583,73931,74272,74606,74933,75253,75567
UPPER LACHLAN SHIRE,3282,3270,3257,3244,3244,3259,3210,3172,3154,3137,3119,3143,3150,3149,3128,3130,3138,3110,3090,3057,3019,3017,3017,3017,3017,3017,3017,3017,3017,3017,3017,3017,3017,3017,3017,3017,3017,3017,3017,3017,3017
URALLA,8261,8049,7800,7517,7312,7129,6979,6883,6914,6908,6797,6701,6595,6512,6419,6317,6167,6004,5869,5701,5588,5590,5569,5546,5525,5503,5483,5463,5444,5425,5408,5391,5374,5358,5343,5328,5314,5300,5287,5274,5261
WAGGA WAGGA,3293,3201,3111,3008,2919,2814,2786,2789,2807,2840,2862,2857,2836,2809,2783,2797,2742,2714,2662,2634,2584,2572,2570,2568,2566,2563,2561,2559,2557,2555,2553,2552,2550,2548,2547,2545,2544,2542,2541,2540,2538
WALCHA,10762,10620,10446,10258,10155,10034,9952,9925,9930,9921,9898,9849,9743,9689,9622,9562,9489,9454,9377,9358,9256,9256,9262,9269,9275,9281,9287,9293,9299,9304,9309,9314,9319,9324,9328,9333,9337,9341,9345,9349,9353
WALGETT,62853,62832,62778,62988,63435,64294,65279,66458,67394,68082,68698,69294,70052,70742,71336,72013,72507,72609,72485,71880,69397,69841,71732,72762,73202,73668,74217,74451,74609,74784,74974,75157,75342,75542,75734,75939,76145,76327,76472,76696,76888
WARREN,3826,3798,3768,3756,3737,3722,3710,3715,3720,3733,3759,3738,3723,3706,3688,3677,3672,3656,3635,3619,3592,3593,3598,3604,3609,3615,3620,3625,3630,3635,3640,3644,3648,3652,3656,3660,3664,3667,3671,3674,3678
WARRUMBUNGLE,7156,7078,7009,6946,6915,6926,6963,6964,6932,6910,6837,6847,6848,6877,6890,6932,7052,7185,7284,7389,7490,7491,7514,7540,7564,7590,7613,7636,7659,7680,7700,7720,7739,7757,7775,7792,7809,7825,7840,7855,7870
WAVERLEY,61399,62785,63389,64414,65578,66481,67809,68434,69512,70256,71139,72119,73072,74238,75970,77888,78873,78797,78830,78566,76044,75634,76738,77711,78473,79089,79383,79964,80960,81357,81419,81487,81534,81559,81587,81612,81643,81635,81700,81764,81856
WEDDIN,42384,42980,43257,43348,43402,43532,44054,44539,45165,45761,46126,46467,46964,47470,48150,48998,49790,50562,51302,52018,52489,52891,53596,54246,54821,55419,55999,56577,57154,57729,58303,58876,59448,60020,60591,61161,61731,62299,62866,63433,63998
WENTWORTH,38178,38513,39215,39830,40411,40969,41589,42401,43145,43828,44607,45439,46399,47445,48562,49854,50912,51972,52826,53618,54196,55450,57944,60685,62759,64781,67049,68678,70397,72102,74219,76774,79546,82489,85510,88631,91787,94899,97852,100946,103809
WILLOUGHBY,188275,189851,190475,190641,190721,190909,192770,195437,197887,200468,202068,203045,204707,206415,208313,210394,212188,213480,214552,215063,214700,217275,221796,225970,229683,233526,237257,240980,244688,248384,252072,255755,259431,263105,266776,270441,274101,277755,281401,285041,288673
WINGECARRIBEE,52677,52792,52998,52723,52655,52995,53564,54076,54862,55497,56320,56601,56909,57253,57513,57744,57750,57370,56892,55951,53910,53994,55407,56869,57124,57361,57508,57585,57636,57687,57799,57873,57948,58030,58123,58220,58318,58404,58472,58579,58670
WOLLONDILLY,12002,12366,12772,13058,13247,13500,13916,14310,14714,15227,15615,15808,16010,16188,16356,16568,16669,16796,16941,17092,17240,17332,17492,17642,17776,17914,18045,18239,18430,18616,18800,18980,19160,19355,19553,19755,19961,20171,20386,20607,20824
WOLLONGONG,52823.7,53215.7,53587.3,53613.9,53667.4,53969.6,54688.3,55517.7,56399.1,57336.5,58154.5,58425.2,58778.4,59127.4,59387.7,59620.6,59640.6,59395.8,59105.8,58492.7,57271.8,57616.2,58823.5,59975.2,60515.1,61071.2,61536.9,62081.1,62598.3,63111.3,63610.8,64043.7,64454.4,64863.1,65271.7,65674.7,66076.9,66480.3,66893.4,67315.5,67748.7
WOOLLAHRA,48197.2,48520.8,48868.6,48845.2,48860.8,49165.8,49858.2,50639.4,51480.6,52396.6,53223.6,53409.6,53638.6,53851.8,53924,53923.6,53700.2,53182.4,52640.2,51740.8,50193.4,50358.8,51349,52272.8,52542.6,52828.2,52992,53304.2,53577.4,53847.2,54068.2,54174.4,54237,54284.2,54325.4,54352.4,54376,54405.2,54459.4,54513.6,54600
YASS VALLEY,43570.7,43825.9,44149.9,44076.5,44054.2,44362,45028.1,45761.1,46562.1,47456.7,48292.7,48394,48498.8,48576.2,48460.3,48226.6,47759.8,46969,46174.6,44988.9,43115,43101.4,43874.5,44570.4,44570.1,44585.2,44447.1,44527.3,44556.5,44583.1,44525.6,44305.1,44019.6,43705.3,43379.1,43030.1,42675.1,42330.1,42025.4,41711.7,41451.3
